h_m,gamma,n_pairs
0.5245304294099474,1.232086858017381,6474
1.5522949551222531,1.252608704867077,6462
2.6418776077885955,1.2601300431722309,6471
3.819099643576631,1.2315741963377085,6453
5.109357429718876,1.2156470657541631,6474
6.575901791229154,1.193434611980875,6476
8.320759178593653,1.1718876622998704,6428
10.578579084366865,1.183694196159981,6531
13.918449381943358,1.1849111934442371,6391
22.123482972136223,1.2835136041236461,6460
