auc,brier_score,log_loss,calibration_intercept,calibration_slope,sensitivity,specificity,tp,fp,tn,fn,n_test,prevalence,model_name,n_train,n_sites,validation_protocol
0.8649207607346558,0.31817481245013635,1.5625719679830816,-0.7087343035113889,1.9265646921449595,0.963806753918242,0.3780022678074425,5965,6034,3667,224,15890,0.389490245437382,M0_static_stationary,24,5665,Nisqually-trained external transfer to all usable Canterbury CPT event states
0.8659310374876775,0.3198855311690559,1.5718849970450504,-0.7073138039445264,1.9282208941876293,0.9671998707384069,0.37645603546026185,5986,6049,3652,203,15890,0.389490245437382,M1_nonstationary_groundwater_only,24,5665,Nisqually-trained external transfer to all usable Canterbury CPT event states
0.8132451377126144,0.40784658719013606,2.9824510635996186,-0.7029413835704525,1.434031419287706,0.9759250282759735,0.2789403154313988,6040,6995,2706,149,15890,0.389490245437382,M2_nonstationary_groundwater_gradation,24,5665,Nisqually-trained external transfer to all usable Canterbury CPT event states
0.8262478133349869,0.4067192981224848,2.8770030429169107,-0.7346676912590273,1.540339770454613,0.9820649539505575,0.28131120503040924,6078,6972,2729,111,15890,0.389490245437382,M3_full_nonstationary_random_field,24,5665,Nisqually-trained external transfer to all usable Canterbury CPT event states
0.817844477323916,0.4289604301907879,3.15824541210963,-0.7236208528898811,1.4863563812411738,0.9930521893682339,0.2497680651479229,6146,7278,2423,43,15890,0.389490245437382,conservative_max_M0_M3,24,5665,Nisqually-trained external transfer to all usable Canterbury CPT event states
0.8270968045714047,0.4203545885596359,2.9616184063796096,-0.7384377688043127,1.5541002645722857,0.9915979964453062,0.2592516235439645,6137,7186,2515,52,15890,0.389490245437382,domain_adaptive_policy_pf,24,5665,Nisqually-trained external transfer to all usable Canterbury CPT event states
