{
  "status": "PASS_CRITICAL_WATER_TABLE_CROSSING_MECHANISM",
  "mechanism": "water-table crossing of shallow liquefiable layers creates a threshold-like effective-stress/CSR/Pf amplification",
  "n_crossing_intervals": 3,
  "largest_crossing_jump": [
    {
      "scenario": "extreme",
      "gradation": "fines_accumulation",
      "layer": "L1",
      "z_mid_m": 2.0,
      "year_before": 28,
      "year_after": 30,
      "water_table_crosses_layer": true,
      "gw_before_m": 2.214683045111454,
      "gw_after_m": 1.2500000000000002,
      "csr_before": 0.1792154,
      "csr_after": 0.2246170460531979,
      "csr_relative_jump": 0.25333562881983296,
      "fs_before": 0.8265025042713713,
      "fs_after": 0.6638344078988327,
      "fs_relative_drop": 0.19681500725269263,
      "pf_before": 0.6965833333333333,
      "pf_after": 0.8455833333333334,
      "pf_jump": 0.14900000000000002,
      "fc_before_pct": 10.8,
      "fc_after_pct": 11.0
    }
  ],
  "largest_any_adjacent_jumps": [
    {
      "scenario": "extreme",
      "gradation": "fines_accumulation",
      "layer": "L2",
      "z_mid_m": 4.5,
      "year_before": 28,
      "year_after": 30,
      "water_table_crosses_layer": false,
      "gw_before_m": 2.214683045111454,
      "gw_after_m": 1.2500000000000002,
      "csr_before": 0.2419706796025124,
      "csr_after": 0.2877526432748538,
      "csr_relative_jump": 0.18920459184372196,
      "fs_before": 0.9212173551835025,
      "fs_after": 0.77806146557531,
      "fs_relative_drop": 0.1553986025151214,
      "pf_before": 0.5861666666666666,
      "pf_after": 0.7454166666666666,
      "pf_jump": 0.15925,
      "fc_before_pct": 16.8,
      "fc_after_pct": 17.0
    },
    {
      "scenario": "extreme",
      "gradation": "constant",
      "layer": "L2",
      "z_mid_m": 4.5,
      "year_before": 28,
      "year_after": 30,
      "water_table_crosses_layer": false,
      "gw_before_m": 2.214683045111454,
      "gw_after_m": 1.2500000000000002,
      "csr_before": 0.2419706796025124,
      "csr_after": 0.2877526432748538,
      "csr_relative_jump": 0.18920459184372196,
      "fs_before": 0.8597600047530309,
      "fs_after": 0.7229706399132498,
      "fs_relative_drop": 0.15910180059966195,
      "pf_before": 0.6381666666666667,
      "pf_after": 0.7945833333333333,
      "pf_jump": 0.15641666666666665,
      "fc_before_pct": 14.0,
      "fc_after_pct": 14.0
    },
    {
      "scenario": "extreme",
      "gradation": "fines_accumulation",
      "layer": "L1",
      "z_mid_m": 2.0,
      "year_before": 28,
      "year_after": 30,
      "water_table_crosses_layer": true,
      "gw_before_m": 2.214683045111454,
      "gw_after_m": 1.2500000000000002,
      "csr_before": 0.1792154,
      "csr_after": 0.2246170460531979,
      "csr_relative_jump": 0.25333562881983296,
      "fs_before": 0.8265025042713713,
      "fs_after": 0.6638344078988327,
      "fs_relative_drop": 0.19681500725269263,
      "pf_before": 0.6965833333333333,
      "pf_after": 0.8455833333333334,
      "pf_jump": 0.14900000000000002,
      "fc_before_pct": 10.8,
      "fc_after_pct": 11.0
    },
    {
      "scenario": "extreme",
      "gradation": "constant",
      "layer": "L1",
      "z_mid_m": 2.0,
      "year_before": 28,
      "year_after": 30,
      "water_table_crosses_layer": true,
      "gw_before_m": 2.214683045111454,
      "gw_after_m": 1.2500000000000002,
      "csr_before": 0.1792154,
      "csr_after": 0.2246170460531979,
      "csr_relative_jump": 0.25333562881983296,
      "fs_before": 0.7603740083287055,
      "fs_after": 0.6066802784858909,
      "fs_relative_drop": 0.20212912087912094,
      "pf_before": 0.755,
      "pf_after": 0.8924166666666666,
      "pf_jump": 0.13741666666666663,
      "fc_before_pct": 8.0,
      "fc_after_pct": 8.0
    },
    {
      "scenario": "extreme",
      "gradation": "fines_washout",
      "layer": "L2",
      "z_mid_m": 4.5,
      "year_before": 28,
      "year_after": 30,
      "water_table_crosses_layer": false,
      "gw_before_m": 2.214683045111454,
      "gw_after_m": 1.2500000000000002,
      "csr_before": 0.2419706796025124,
      "csr_after": 0.2877526432748538,
      "csr_relative_jump": 0.18920459184372196,
      "fs_before": 0.8055679191862577,
      "fs_after": 0.6740969829069324,
      "fs_relative_drop": 0.16320279537960036,
      "pf_before": 0.7046666666666667,
      "pf_after": 0.8374166666666667,
      "pf_jump": 0.13275000000000003,
      "fc_before_pct": 11.76,
      "fc_after_pct": 11.6
    }
  ],
  "figure": "figures/fig15_critical_water_table_crossing_mechanism.png",
  "claim_enabled": "Article 118 can foreground a bounded physical breakthrough: the non-stationary risk increment is not merely gradual drift; it is dominated by critical water-table crossing of shallow liquefiable layers, where effective-stress loss amplifies CSR and produces abrupt Pf jumps, with gradation changing the resistance-side magnitude.",
  "claim_blocked": "Do not claim a new constitutive law, measured gradation-evolution discovery, universal predictive superiority, or repair-cost validation from this mechanism figure alone."
}