event_key,model_name,n,n_positive,positive_rate,auc,mean_pf_positive,mean_pf_negative
Yr2010,M0_static_stationary,5488,1571,0.2862609329446064,0.4745269725544709,0.1666656833109959,0.17414030457142066
Yr2010,M1_nonstationary_groundwater_only,5488,1571,0.2862609329446064,0.5430267158757457,0.15701674914226635,0.1510310585565663
Yr2010,M2_nonstationary_groundwater_gradation,5488,1571,0.2862609329446064,0.5689232347792116,0.162849370746294,0.15003741904337525
Yr2010,M3_full_nonstationary_random_field,5488,1571,0.2862609329446064,0.5678542682364993,0.1626017831226546,0.1500021254926535
Yr2011,M0_static_stationary,5612,2974,0.529935851746258,0.566534874140453,0.8293380388646632,0.750760849564432
Yr2011,M1_nonstationary_groundwater_only,5612,2974,0.529935851746258,0.5647227322159754,0.8293001813868891,0.7513424879849697
Yr2011,M2_nonstationary_groundwater_gradation,5612,2974,0.529935851746258,0.5731660746433712,0.8394788067092733,0.748150917256531
Yr2011,M3_full_nonstationary_random_field,5612,2974,0.529935851746258,0.5660866503887877,0.8360097687995275,0.7504514862025033
