ratio,n_components,median,p75,p90,max,share_ge_5,share_ge_10
ds3_vs_ds1_cost_ratio,19,3.5642023346303504,6.252053634537543,9.859075214839107,14.343307086614173,0.2631578947368421,0.10526315789473684
ds4_vs_ds1_cost_ratio,3,10.34455640206439,31.05416796481172,43.47993490246012,51.76377952755905,0.6666666666666666,0.6666666666666666
ds3_vs_ds1_time_ratio,19,3.113003196268141,4.11273954058925,7.972220416560734,12.998622047244092,0.21052631578947367,0.05263157894736842
ds4_vs_ds1_time_ratio,3,9.209178260374395,32.10409700420294,45.84104825050008,54.999015748031496,0.6666666666666666,0.3333333333333333
