auc,brier_score,log_loss,calibration_intercept,calibration_slope,sensitivity,specificity,tp,fp,tn,fn,model_name,n_train,n_test,validation_protocol,mean_fold_brier,median_fold_brier
0.9555555555555556,0.07227503203418906,0.23422581005092058,-0.8525416429329798,1.8422355562982782,0.7777777777777778,0.9333333333333333,7,1,14,2,M0_static_stationary,,24,pooled predictions from leave-one-site-family-out spatial validation,0.08837163548100638,0.0005204576034252968
0.9333333333333333,0.09941022551026157,0.29790063604796546,-0.8224043467110217,1.7078158026327732,0.7777777777777778,0.8666666666666667,7,2,13,2,M1_nonstationary_groundwater_only,,24,pooled predictions from leave-one-site-family-out spatial validation,0.1252068838024781,0.00042813898813150506
0.9925925925925926,0.025680213749149767,0.09260686482378995,-0.8530236140167944,2.0920873844439427,0.8888888888888888,0.9333333333333333,8,1,14,1,M2_nonstationary_groundwater_gradation,,24,pooled predictions from leave-one-site-family-out spatial validation,0.025066158499273607,0.00022328422890384033
0.9925925925925926,0.03819229779349495,0.12384056708378006,-0.9238857210484155,2.0624572780531887,0.8888888888888888,0.9333333333333333,8,1,14,1,M3_full_nonstationary_random_field,,24,pooled predictions from leave-one-site-family-out spatial validation,0.04646518732211565,0.0005078028483330917
