auc,brier_score,log_loss,calibration_intercept,calibration_slope,sensitivity,specificity,tp,fp,tn,fn,model_name,n_train,n_test,validation_protocol,mean_fold_brier,median_fold_brier
0.9612794612794613,0.07112426293248868,0.23242750632461143,0.8180964840084426,3.249211234374505,0.8181818181818182,0.9333333333333333,81,4,56,18,M0_static_stationary,,159,pooled predictions from exhaustive paired-family spatial holdouts,0.07952278970787482,0.023056121508808786
0.946969696969697,0.09432365655135022,0.2854889248757618,0.817921663636333,2.8837004775924204,0.7878787878787878,0.8833333333333333,78,7,53,21,M1_nonstationary_groundwater_only,,159,pooled predictions from exhaustive paired-family spatial holdouts,0.10589861196679959,0.02350292678047993
0.9952861952861953,0.02704774279342696,0.09880491563614577,1.1162071807288083,4.034168146979046,0.898989898989899,0.9833333333333333,89,1,59,10,M2_nonstationary_groundwater_gradation,,159,pooled predictions from exhaustive paired-family spatial holdouts,0.022775124191567762,0.005070412208335881
0.9944444444444445,0.03201218853951416,0.11224991477914914,0.885432147708551,3.878685570205738,0.9191919191919192,0.95,91,3,57,8,M3_full_nonstationary_random_field,,159,pooled predictions from exhaustive paired-family spatial holdouts,0.03099574376669315,0.0020685219591082154
