site_id,site_name,site_family,observed_liquefaction,M0_static_stationary,M1_groundwater,M2_groundwater_gradation,M3_random_field,M2_groundwater_gradation_minus_M0,M3_random_field_minus_M0,pga_g,wtd_event_site_adjusted_m,qc10_mpa,qc25_mpa,ic_median,friction_ratio_median_pct,theta_z_m,variogram_rmse
SODO_01,SODO-01,SODO,1,0.8674114002334676,0.8446442697264743,0.5821745217086376,0.5494440524239113,-0.28523687852483004,-0.3179673478095564,0.234,2.836706806850911,0.47215432,1.5524400625,1.2784384036251877,0.8856432860378907,0.9138655462184874,0.5007698576939121
SODO_02,SODO-02,SODO,1,0.6341289023767129,0.6403073116720435,0.8702046978705364,0.7831626659613734,0.23607579549382351,0.14903376358466047,0.199,1.9223068068509117,3.328188374,4.9458927375,1.3085117789780405,1.0388283086377772,1.245798319327731,0.1334797438009923
SODO_03,SODO-03,SODO,1,0.6252798892518805,0.6050618227282916,0.3863713825093943,0.3840872017997612,-0.2389085067424862,-0.2411926874521193,0.198,2.531906806850912,1.216414808,3.47314994,1.4330957770653538,1.4954741718102638,0.7478991596638656,0.2385612755314387
SODO_04,SODO-04,SODO,1,0.6163463387379681,0.6716582828626463,0.7429001147447986,0.776286556582786,0.1265537760068305,0.15994021784481793,0.197,0.779306806850911,1.6772967532000005,3.75794935,1.1903000788538174,0.8227831921496407,0.5819327731092436,0.3339445267331282
UW_01,UW-01,UW,0,0.1084559219514607,0.1491471250615176,0.0656170910304556,0.1053677100048654,-0.0428388309210051,-0.0030882119465952956,0.129,0.5507068068509109,0.7959499179999999,1.761023125,1.5380189688870525,1.8701847592492935,0.25,0.2223657737077976
UW_02,UW-02,UW,0,0.1084559219514607,0.1491471250615176,0.1154012385153379,0.1491624446898609,0.006945316563877202,0.0407065227384002,0.129,0.5507068068509109,1.719556334,3.15723344,1.5967717826547696,2.0615510490740965,0.4159663865546218,0.1674696051464019
UW_03,UW-03,UW,0,0.1013318202378062,0.1065473188730798,0.0378211332760575,0.0503450453082669,-0.06351068696174869,-0.05098677492953929,0.127,2.2271068068509114,1.1952670170000002,1.643531035,1.6888814994498451,2.50507400111022,0.4159663865546218,0.1706818875434587
UW_04,UW-04,UW,0,0.097927758307666,0.1030984654325745,0.0103343686493422,0.0115568440785481,-0.08759338965832379,-0.0863709142291179,0.126,2.2271068068509114,0.6443501810000001,0.9274245825,1.9662055309267457,4.667762787696417,0.5819327731092436,0.315133526151553
